Date,Merchant,Amount,Payback
2024-11-28,"BATARD BAKERY VANCOUVER, BC",35.39,
2024-11-28,"H-MART DOWNTOWN VANCOUVER, BC",10.93,
2024-11-27,"TIM HORTONS #3578 604-609-0865, BC",2.02,
2024-11-27,"SEPHORA ROBSON STREET VANCOUVER, BC",29.69,
2024-11-26,"T&T SUPERMARKET #029 VANCOUVER, BC",25,
2024-11-25,"SQ *EARLS YALETOWN Vancouver, BC",11.8,
2024-11-25,"CLASSPASS* MONTHLY CLASSPASS.COM, MT",82.95,
2024-11-25,"TST-Commercial Street Vancouver, BC",34.66,
2024-11-25,"COMPASS VENDING BURNAB BURNABY, BC",40,
2024-11-25,"SAVE ON FOODS #940 VANCOUVER, BC",8.07,
2024-11-25,"REXALL PHARMACY #7174 VANCOUVER, BC",3.99,
2024-11-22,"TIM HORTONS #2867 604-642-0348, BC",5.25,
2024-11-21,"TIM HORTONS #2867 604-642-0348, BC",2.02,
2024-11-21,"KIMS MART VANCOUVER, BC",13.7,
2024-11-21,"H-MART DOWNTOWN VANCOUVER, BC",12.98,
2024-11-20,"TIM HORTONS #3578 604-609-0865, BC",2.02,
2024-11-18,"BAO BAKERY VANCOUVER, BC",9.71,
2024-11-18,"TIM HORTONS #0407 BURNABY, BC",7.75,
2024-11-18,"T&T SUPERMARKET #001 BURNABY, BC",4.59,
2024-11-18,"BIG WAY HOT POT KINGSWAY BURNABY, BC",20.02,
2024-11-15,"COMPASS VENDING BURNAB BURNABY, BC",40,
2024-11-15,PAYMENT THANK YOU/PAIEMEN T MERCI,,527.97
2024-11-15,"FIDO Mobile ******2258 888-481-3436, ON",32.48,
2024-11-15,"T&T SUPERMARKET #029 VANCOUVER, BC",7.27,
2024-11-06,"GOOGLE *YouTubePremium g.co/helppay#, NS",8.95,
2024-11-05,"WAL-MART SUPERCENTER#1213 BURNABY, BC",29.33,
2024-11-04,"UBER CANADA/UBERTRIP TORONTO, ON",26.19,
2024-11-04,"SQ *SINGLE V COFFEE Burnaby, BC",9.45,
2024-11-04,"PAL PAL NOODLE HOUSE BURNABY, BC",58.74,
2024-11-04,"REAL CDN SUPERSTORE #1 BURNABY, BC",4.94,
2024-11-04,"COMPASS VENDING BURNAB BURNABY, BC",20,
2024-11-04,"SAVE ON FOODS #940 VANCOUVER, BC",32.47,
2024-11-04,"SEPHORA ROBSON STREET VANCOUVER, BC",58.24,
2024-11-04,"WAL-MART SUPERCENTER#1213 BURNABY, BC",6,
2024-11-01,ZIPAIR 0000000KHC4EG WWW.ZIPAIR.NE,73,
2024-10-31,"VICTORIA'S SECRET STORE # BURNABY, BC",201.49,
2024-10-31,"T&T SUPERMARKET #001 BURNABY, BC",3.99,
2024-10-31,"MEMORY CORNER RICHMOND, BC",154.96,
2024-10-31,"WAL-MART SUPERCENTER#1213 BURNABY, BC",0.94,
2024-10-31,"WAL-MART SUPERCENTER#1213 BURNABY, BC",30,
2024-10-30,"SQ *MAAN FARMS Abbotsford, BC",15,
2024-10-30,"SQ *MAAN FARMS Abbotsford, BC",78.33,
2024-10-30,"SQ *MAAN FARMS Abbotsford, BC",23.1,
2024-10-29,"Vancouver Metrotown Burnaby, BC",17.81,
2024-10-29,"T&T SUPERMARKET #001 BURNABY, BC",5.2,
2024-10-29,"REXALL PHARMACY #7174 VANCOUVER, BC",3.59,
2024-10-28,"STARBUCKS 800-782-7282 800-782-7282, ON",10,
2024-10-25,"CLASSPASS* MONTHLY CLASSPASS.COM, MT",52.95,
2024-10-25,"MCDONALD'S #40227 VANCOUVER, BC",1.31,
2024-10-25,"SAFEWAY #4966 VANCOUVER, BC",8.65,
2024-10-24,PURCHASE INTEREST,3.26,
2024-10-22,"AMZN Mktp CA*YS2JN7H63 WWW.AMAZON.CA, ON",35.8,
2024-10-22,PAYMENT THANK YOU/PAIEMEN T MERCI,,756.47
2024-10-21,"SAVE ON FOODS 2254 VANCOUVER, BC",11.99,
2024-10-21,"SQ *THIERRY CHOCOLATES - Vancouver, BC",4.67,
2024-10-21,"NOFRILLS JOTI'S #3403 VANCOUVER, BC",5.99,
2024-10-18,"MCDONALD'S #8067 Q04 VANCOUVER, BC",5.23,
2024-10-17,"TST-Lunch Lady Vancouver, BC",34.69,
2024-10-17,"SQ *PRADO CAFE COMMERCIAL Vancouver, BC",4.2,
2024-10-16,"DOLLARAMA # 716 VANCOUVER, BC",1.96,
2024-10-16,"T&T SUPERMARKET #029 VANCOUVER, BC",6.99,
2024-10-16,"FIDO Mobile ******2258 888-481-3436, ON",32.48,
2024-10-16,"WAL-MART SUPERCENTER#1213 BURNABY, BC",6.3,
2024-10-15,"VICTORIA'S SECRET STORE # BURNABY, BC",44.69,
2024-10-15,"VICTORIA'S SECRET STORE # BURNABY, BC",44.69,
2024-10-15,"Vancouver Metrotown Burnaby, BC",36.97,
2024-10-15,"SAVE ON FOODS 2254 VANCOUVER, BC",7.14,
2024-10-15,"POKEY OKEY HORNBY VANCOUVER, BC",15.87,
2024-10-11,"SQ *WICKED CAFE & BAKERY Vancouver, BC",4.88,
2024-10-10,PAYMENT THANK YOU/PAIEMEN T MERCI,,1000
2024-10-10,"LONDON DRUGS 02 VANCOUVER, BC",11.98,
2024-10-09,"TIM HORTONS #3578 604-609-0865, BC",2.02,
2024-10-09,"TIM HORTONS #3578 604-609-0865, BC",3.14,
2024-10-07,"Matchstick Coffee Vancouver, BC",4.99,
2024-10-07,"BATARD BAKERY VANCOUVER, BC",11.53,
2024-10-07,"GOOGLE *YouTubePremium g.co/helppay#, NS",8.95,
2024-10-07,"H-MART DOWNTOWN VANCOUVER, BC",22.38,
2024-10-07,"BURGER KING #16608 VANCOUVER, BC",1.98,
2024-10-07,"SAVE ON FOODS #940 VANCOUVER, BC",7.14,
2024-10-04,"BURGER KING #16608 VANCOUVER, BC",1.98,
2024-10-03,"BIG WAY HOT POT KINGSWAY BURNABY, BC",26.73,
2024-10-03,"REAL CDN SUPERSTORE #1 BURNABY, BC",3.33,
2024-10-01,"COMPASS VENDING BURNABY, BC",107.3,
2024-10-01,"REAL CDN SUPERSTORE #1 BURNABY, BC",9.33,
2024-09-27,"AMZN Mktp CA*KA56I99P3 WWW.AMAZON.CA, ON",45.24,
2024-09-27,CASHBACK/REMISE EN ARGENT,,74.89
2024-09-26,"Marche Mon Pitou VANCOUVER, BC",3.94,
2024-09-25,"MCDONALD'S #40227 VANCOUVER, BC",1.31,
2024-09-25,"#337 SPORT CHEK VANCOUVER, BC",3.15,
2024-09-25,"H-MART DOWNTOWN VANCOUVER, BC",12.99,
2024-09-25,"REXALL PHARMACY #7174 VANCOUVER, BC",5.65,
2024-09-24,PURCHASE INTEREST,34.78,
2024-09-24,"CLASSPASS* MONTHLY CLASSPASS.COM, MT",82.95,
2024-09-24,"LONDON DRUGS 02 VANCOUVER, BC",20.97,
2024-09-24,"#327 SPORT CHEK VANCOUVER, BC",9.45,
2024-09-23,"Nike Robson Vancouver, BC",,40.77
2024-09-23,"THE FEDERAL STORE VANCOUVER, BC",3.4,
2024-09-23,"SKEWERS PITA BAR VANCOUVER, BC",30.35,
2024-09-23,"THE FEDERAL STORE VANCOUVER, BC",9.2,
2024-09-23,"LONDON DRUGS 19 VANCOUVER, BC",6.71,
2024-09-23,"Nike Robson Vancouver, BC",40.77,
2024-09-23,"Nike Robson Vancouver, BC",41.05,
2024-09-23,"INDIGO 975 VANCOUVER, BC",7.79,
2024-09-23,"CHINATOWN BBQ VANCOUVER, BC",16.75,
2024-09-23,"BREKA BAKERY & CAFE VANCOUVER, BC",36,
2024-09-20,"BURGER KING #16608 VANCOUVER, BC",1.67,
2024-09-19,"TIM HORTONS #3578 604-609-0865, BC",4.71,
2024-09-18,"H-MART DOWNTOWN VANCOUVER, BC",12.98,
2024-09-18,"H-MART DOWNTOWN VANCOUVER, BC",12.98,
2024-09-17,PAYMENT THANK YOU/PAIEMEN T MERCI,,1000
2024-09-16,"SP STUSSY VANCOUVER VANCOUVER, BC",112,
2024-09-16,"DOLLARAMA # 818 VANCOUVER, BC",27.45,
2024-09-16,"FIDO Mobile ******2258 888-481-3436, ON",32.48,
2024-09-16,"CLASSPASS* MISSED CLAS CLASSPASS.COM, MT",16,
2024-09-16,"MARKETPLACE IGA # 16 VANCOUVER, BC",9.14,
2024-09-13,"H-MART DOWNTOWN VANCOUVER, BC",4.98,
2024-09-12,OVERLIMIT FEE,29,
2024-09-12,"TIM HORTONS #3578 604-609-0865, BC",1.91,
2024-09-12,"BRAINSTATION TORONTO, ON",261.57,
2024-09-11,"ROCANINI COFFEE ROASTERS VANCOUVER, BC",4.73,
2024-09-10,"SAFEWAY #4908 VANCOUVER, BC",9.14,
2024-09-09,"REXALL PHARMACY #7182 VANCOUVER, BC",3.99,
2024-09-09,"SAVE ON FOODS #940 VANCOUVER, BC",9.14,
2024-09-06,"GOOGLE *YouTubePremium g.co/helppay#, NS",8.95,
2024-09-06,"VANCOUVER PB RECREATION VANCOUVER, BC",131.25,
2024-09-04,"Marche Mon Pitou VANCOUVER, BC",3.94,
2024-09-03,"PAL PAL NOODLE HOUSE BURNABY, BC",62.89,
2024-09-03,"COMPASS ACCOUNT BURNAB BURNABY, BC",107.3,
2024-09-03,"ExpressVPN 310-6018492, DE 12.95 USD @ 1.386100",17.95,
2024-09-03,"MARUHACHI RA-MEN METRO BURNABY, BC",15.48,
2024-08-30,"COMPASS ACCOUNT BURNAB BURNABY, BC",10,
2024-08-30,"SQ *ROCKY POINT ICE CREAM Port Moody, BC",4.96,
2024-08-29,"WINNERS 358 VANCOUVER, BC",16.79,
2024-08-29,"SAMURAI JAPANESE RESTA VANCOUVER, BC",18.43,
2024-08-29,"SQ *PERFECTO CAFE (DAVIE) Vancouver, BC",4.46,
2024-08-29,"SQ *DANK MART Vancouver, BC",5.24,
2024-08-29,"LONDON DRUGS 02 VANCOUVER, BC",7.99,
2024-08-29,"NOFRILLS JOTI'S #3403 VANCOUVER, BC",9.48,
2024-08-28,"VANCOUVER PB RECREATION VANCOUVER, BC",,78.75
2024-08-28,"KIMS MART VANCOUVER, BC",27.09,
2024-08-28,PAYMENT THANK YOU/PAIEMEN T MERCI,,400
2024-08-27,"SQ *SLO COFFEE Vancouver, BC",4.04,
2024-08-22,"Marche Mon Pitou VANCOUVER, BC",3.94,
2024-08-22,"KIMS MART VANCOUVER, BC",7.99,
2024-08-21,"STARBUCKS 800-782-7282 800-782-7282, ON",10,
2024-08-21,PAYMENT THANK YOU/PAIEMEN T MERCI,,100
2024-08-20,"WINNERS 358 VANCOUVER, BC",39.18,
2024-08-19,"MCDONALD'S #8067 Q04 VANCOUVER, BC",5.25,
2024-08-16,"VANCOUVER PB RECREATION VANCOUVER, BC",105,
2024-08-16,PAYMENT THANK YOU/PAIEMEN T MERCI,,100
2024-08-15,"Marche Mon Pitou VANCOUVER, BC",4.2,
2024-08-15,ZIPAIR 0000000KHC4EG WWW.ZIPAIR.NE,773.6,
2024-08-15,"Trip.com Vancouver, BC",303.41,
2024-08-15,"FIDO Mobile ******2258 888-481-3436, ON",32.48,
2024-08-14,"SQ *UNO GELATO Vancouver, BC",8.39,
2024-08-14,"Marche Mon Pitou VANCOUVER, BC",3.94,
2024-08-14,"SPINSOCIETY NORTH VANCOUV, BC",218.4,
2024-08-13,"BRAINSTATION TORONTO, ON",261.63,
2024-08-13,PAYMENT THANK YOU/PAIEMEN T MERCI,,1138.17
2024-08-12,"SHOPPERS DRUG MART #28 VANCOUVER, BC",5.1,
2024-08-09,"H-MART DOWNTOWN VANCOUVER, BC",2.22,
2024-08-08,"KIMS MART VANCOUVER, BC",17.81,
2024-08-07,"KIMS MART VANCOUVER, BC",13.98,
2024-08-07,"BIG WAY HOT POT KINGSWAY BURNABY, BC",40.13,
2024-08-07,"BIG WAY HOT POT KINGSWAY BURNABY, BC",20.86,
2024-08-06,"Marche Mon Pitou VANCOUVER, BC",4.2,
2024-08-06,"GOOGLE *YouTubePremium g.co/helppay#, NS",8.95,
2024-08-06,"CAFE&LIFE CO. VANCOUVER, BC",5.2,
2024-08-06,"LULULEMON #00120 VANCOUVER, BC",42.56,
2024-08-06,"REXALL PHARMACY #7182 VANCOUVER, BC",4.7,
2024-08-02,"JAPADOG VANCOUVER, BC",4.18,
2024-08-02,"GYU-KAKU JAPANESE BBQ VANCOUVER, BC",63.09,
2024-08-01,"COMPASS VENDING BURNABY, BC",107.3,
2024-08-01,"TIM HORTONS #3578 VANCOUVER, BC",3.14,
2024-07-31,"CONVIVIAL CAFE AND BAKERY VANCOUVER, BC",4.88,
2024-07-24,"SQ *UNO GELATO Vancouver, BC",8.39,
2024-07-23,PAYMENT THANK YOU/PAIEMEN T MERCI,,473.38
2024-07-19,"SAVE ON FOODS #2225 BURNABY, BC",10.49,
2024-07-18,"VANCOUVER PB RECREATION VANCOUVER, BC",78.75,
2024-07-18,"BBY VILLAGE MUSEUM/RSTR BURNABY, BC",4.73,
2024-07-18,"LONDON DRUGS 02 VANCOUVER, BC",33.95,
2024-07-16,"STARBUCKS 800-782-7282 800-782-7282, ON",10,
2024-07-16,"BLENZ IN RICHMOND CENTRE RICHMOND, BC",4.53,
2024-07-15,"FIDO Mobile ******2258 888-481-3436, ON",32.48,
2024-07-15,"DOLLARAMA # 716 VANCOUVER, BC",3.64,
2024-07-12,"BRAINSTATION TORONTO, ON",261.63,
2024-07-12,"GOODLIFE FITNESS CENTRES LONDON, ON",52.49,
2024-07-12,"GOODLIFE FITNESS BURNABY, BC",10.49,
2024-07-10,"BCF-SWB SELF SERVE TICKET SIDNEY, BC",19.1,
2024-07-09,"BCF-TSA SELF SERVE TICKET DELTA, BC",19.1,
2024-07-09,"THE OLD FARM MARKET VICTORIA, BC",11.57,
2024-07-08,"THE ROSE TEA AND FLOWERS VANCOUVER, BC",5.83,
2024-07-08,"BCF-SWB SELF SERVE TICKET SIDNEY, BC",19.1,
2024-07-08,"THE OLD FARM MARKET VICTORIA, BC",16.31,
2024-07-08,"THE OLD FARM MARKET VICTORIA, BC",0.74,
2024-07-08,"ExpressVPN 310-6018492, DE 12.95 USD @ 1.399227",18.12,
2024-07-08,"GOOGLE *YouTubePremium g.co/helppay#, NS",8.95,
2024-07-08,"WAL-MART SUPERCENTER#3109 VICTORIA, BC",3.47,
2024-07-05,"WHOLE FOODS MARKET VICTORIA, BC",28.99,
2024-07-05,"TIM HORTONS #20940 VICTORIA, BC",7.54,
2024-07-05,"SAVE ON FOODS #921 VICTORIA, BC",5.14,
2024-07-05,"BON SUSHI OAK BAY VICTORIA, BC",62.23,
2024-07-05,"PENDRAY INN AND TEA HOUSE VICTORIA, BC",67.62,
2024-07-05,"WHISTLE BUOY BREWING VICTORIA, BC",10.01,
2024-07-04,"STARBUCKS COFFEE #7145 VICTORIA, BC",4.67,
2024-07-04,"LAILALAILA VICTORIA, BC",18.88,
2024-07-04,"SEAWARDS SOUVENIR AND APP SIDNEY, BC",4.47,
2024-07-03,"SQ *RED FISH BLUE FISH Victoria, BC",24.15,
2024-07-03,"BCF-TSA SELF SERVE TICKET DELTA, BC",38.2,
2024-07-02,AIRBNB * HMHHP35QH4 AIRBNB.COM,140.32,
2024-07-02,"KIMS MART VANCOUVER, BC",21.25,
2024-07-02,"COMPASS VENDING BURNABY, BC",107.3,
2024-07-02,"COMPASS VENDING BURNABY, BC",10,
2024-07-02,"MCDONALD'S #40298 VANCOUVER, BC",1.31,
2024-07-02,"T&T SUPERMARKET #029 VANCOUVER, BC",12.94,
2024-06-26,"KIMS MART VANCOUVER, BC",42.13,
2024-06-26,"TREES ORGANIC COFFEE VANCOUVER, BC",4.46,
2024-06-25,CASHBACK/REMISE EN ARGENT,,107.3
2024-06-24,ANNUAL FEE,99,
2024-06-24,ANNUAL FEE REBATE,,99
2024-06-24,PURCHASE INTEREST,21.04,
2024-06-24,"T&T SUPERMARKET #003 VANCOUVER, BC",14.55,
2024-06-24,"HANNAM SUPERMARKET ROB VANCOUVER, BC",10.98,
2024-06-24,"INTERNATIONAL ABC STORE L VANCOUVER, BC",18.47,
2024-06-24,"SQ *CAFECLUB. Vancouer, BC",19,
2024-06-24,"COMPASS ACCOUNT BURNABY, BC",3.15,
2024-06-24,"CAFFE ARTIGIANO VANCOUVER, BC",6.88,
2024-06-24,"#337 SPORT CHEK VANCOUVER, BC",31.36,
2024-06-24,"#337 SPORT CHEK VANCOUVER, BC",36.96,
2024-06-24,"NIK'S SMOKE SHOP VANCOUVER, BC",10.9,
2024-06-21,"T&T SUPERMARKET #029 VANCOUVER, BC",8,
2024-06-21,"SHOPPERS DRUG MART #22 VANCOUVER, BC",5.76,
2024-06-18,"REAL CDN SUPERSTORE #1 BURNABY, BC",34.76,
2024-06-18,PAYMENT THANK YOU/PAIEMEN T MERCI,,1422.37
2024-06-17,"FIDO Mobile ******2258 888-481-3436, ON",45.92,
2024-06-12,"BRAINSTATION TORONTO, ON",261.63,
2024-06-07,"Microsoft*Store 425-7038358, ON",,2.03
2024-06-07,"REAL CDN SUPERSTORE #1 BURNABY, BC",12.83,
2024-06-06,"GOOGLE *YouTubePremium g.co/helppay#, NS",8.95,
2024-06-06,"BATH & BODY WORKS BURNABY, BC",3.92,
2024-06-05,"LONDON DRUGS 02 VANCOUVER, BC",13.98,
2024-06-04,"COMPASS VENDING BURNABY, BC",104.9,
2024-05-31,"ExpressVPN 310-6018492, DE 12.95 USD @ 1.407722",18.23,
2024-05-30,"NUKID BAKERY CAFE VANCOUVER, BC",29.4,
2024-05-28,CASH ADVANCE CREDIT,,11.52
2024-05-28,"LULULEMONCOM* 877-263-9300, BC",76.16,
2024-05-28,PAYMENT THANK YOU/PAIEMEN T MERCI,,700
2024-05-27,"USCUSTOMS ESTA APPL PMT 317-715-6776, IN 21.00 USD @ 1.408571",29.58,
2024-05-27,"LULULEMON #00110 VANCOUVER, BC",199.12,
2024-05-27,"LULULEMON #00110 VANCOUVER, BC",58.24,
2024-05-27,"AMZN Mktp CA*B378A0GM3 WWW.AMAZON.CA, ON",44.22,
2024-05-27,"CHINATOWN BBQ VANCOUVER, BC",58.04,
2024-05-24,PAYMENT THANK YOU/PAIEMEN T MERCI,,500
2024-05-23,"ENTERPRISE CANADA C403 BURNABY, BC",204.01,
2024-05-22,"SAFEWAY #4960 KELOWNA, BC",15.2,
2024-05-21,"OGOPOGO GIFTLAND KELOWNA, BC",5.55,
2024-05-21,"PETRO CANADA02879 KELOWNA, BC",25,
2024-05-21,"KANGAROO CREEK FARM KELOWNA, BC",63,
2024-05-21,"FROCK CLOTHING KELOWNA, BC",31.49,
2024-05-21,"SUPER SAVE GAS #7 - B BURNABY, BC",37.61,
2024-05-21,"ASSI MARKET BURNABY Burnaby, BC",26.51,
2024-05-21,"ASSI MARKET BURNABY Burnaby, BC",11.98,
2024-05-21,"CHV43055 COQUIHALLA CH HOPE, BC",50,
2024-05-21,"IMPARK00100252U KELOWNA, BC",8.5,
2024-05-21,"MEX KELOWNA WESTBANK, BC",39.75,
2024-05-21,"SOBAN KOREAN BISTRO KELOWNA, BC",17.85,
2024-05-21,"PARLOUR ICE CREAM KELOWNA, BC",18.9,
2024-05-21,"SAFEWAY #4960 KELOWNA, BC",13.37,
2024-05-21,"K TOWN PIZZERIA KELOWNA, BC",17.8,
2024-05-21,"CANADA'S BEST VALUE INN K KELOWNA, BC",295.8,
2024-05-21,"SUMMERHILL PYRAMID WINERY KELOWNA, BC",49.1,
2024-05-17,"HANNAM SUPERMARKET BUR BURNABY, BC",11.47,
2024-05-17,"HANNAM SUPERMARKET BUR BURNABY, BC",62.54,
2024-05-17,"VANCOUVER PB RECREATION VANCOUVER, BC",,39.69
2024-05-17,"LONDON DRUGS 02 VANCOUVER, BC",13.98,
2024-05-17,"VANCOUVER PB RECREATION VANCOUVER, BC",,39.69
2024-05-16,"BRAINSTATION TORONTO, ON",261.63,
2024-05-15,PAYMENT THANK YOU/PAIEMEN T MERCI,,747
2024-05-15,"FIDO Mobile ******2258 888-481-3436, ON",32.48,
2024-05-15,"BONO CAFE COQUITLAM, BC",28,
2024-05-15,"H-MART COQUITLAM, BC",10.72,
2024-05-14,"Microsoft*Store 425-7038358, ON",8.96,
2024-05-13,"T&T SUPERMARKET #029 VANCOUVER, BC",3.14,
2024-05-13,"SQ *CAFE ORSO North Vancouv, BC",4.6,
2024-05-13,"SP AHOY GOODS NORTH VANCOUV, BC",30.81,
2024-05-13,"T&T SUPERMARKET #029 VANCOUVER, BC",24.1,
2024-05-13,"KIMS MART VANCOUVER, BC",75.9,
2024-05-10,"LONDON DRUGS 02 VANCOUVER, BC",6.99,
2024-05-07,"REAL CDN SUPERSTORE #1 BURNABY, BC",7.52,
2024-05-07,"REAL CDN SUPERSTORE #1 BURNABY, BC",10.34,
2024-05-06,"GOOGLE *YouTubePremium g.co/helppay#, NS",8.95,
2024-05-06,"DOLLARAMA #1010 BURNABY, BC",1.4,
2024-05-06,"DOLLARAMA #1010 BURNABY, BC",4.2,
2024-05-06,"ZARA TEC #3194 VANCOUVER, BC",31.49,
2024-05-06,"H-MART DOWNTOWN VANCOUVER, BC",15.69,
2024-05-06,"INTERNATIONAL ABC STORE L VANCOUVER, BC",7.28,
2024-05-06,"T&T SUPERMARKET #003 VANCOUVER, BC",9.98,
2024-05-06,"REXALL PHARMACY #7182 VANCOUVER, BC",3.99,
2024-05-06,"T&T SUPERMARKET #003 VANCOUVER, BC",9.32,
2024-05-06,"VANCOUVER PB RECREATIO VANCOUVER, BC",210,
2024-05-02,"COMPASS VENDING BURNABY, BC",104.9,
2024-04-30,"H-MART DOWNTOWN VANCOUVER, BC",8.78,
2024-04-29,"CORNERSTONE COLLEGE VANCOUVER, BC",10,
2024-04-29,"WINNERS 358 VANCOUVER, BC",33.59,
2024-04-29,"REAL CDN SUPERSTORE #1 BURNABY, BC",18.52,
2024-04-23,"BREKA BAKERY & CAFE VANCOUVER, BC",9.98,
2024-04-23,PAYMENT THANK YOU/PAIEMEN T MERCI,,300
2024-04-22,"SEPHORA ROBSON STREET VANCOUVER, BC",77.3,
2024-04-22,"INDIGO 975 VANCOUVER, BC",6.67,
2024-04-22,"REAL CDN SUPERSTORE #1 BURNABY, BC",7.8,
2024-04-22,"H-MART DOWNTOWN VANCOUVER, BC",11.55,
2024-04-22,"#337 SPORT CHEK VANCOUVER, BC",16.78,
2024-04-22,"LONDON DRUGS 02 VANCOUVER, BC",17.98,
2024-04-22,"LONDON DRUGS POSTAL OUTLE VANCOUVER, BC",1.37,
2024-04-18,"Amazon.ca*XO57I3C43 AMAZON.CA, ON",22.25,
2024-04-17,"Amazon.ca*RQ8KY1YA1 AMAZON.CA, ON",19.61,
2024-04-15,"FIDO Mobile ******2258 888-481-3436, ON",32.48,
2024-04-15,"BUY LOW FOODS 4531 BURNABY, BC",33.98,
2024-04-15,PAYMENT THANK YOU/PAIEMEN T MERCI,,136
2024-04-15,"T&T SUPERMARKET #003 VANCOUVER, BC",3.31,
2024-04-15,"REXALL PHARMACY #7182 VANCOUVER, BC",3.59,
2024-04-12,"BRAINSTATION TORONTO, ON",261.63,
2024-04-12,"KIMS MART VANCOUVER, BC",14.97,
2024-04-11,"SAVE ON FOODS #940 VANCOUVER, BC",3,
2024-04-11,"NENE CHICKEN VANCOUVER, BC",15.08,
2024-04-11,"SAFEWAY #4966 VANCOUVER, BC",19.1,
2024-04-10,"SAFEWAY #4966 VANCOUVER, BC",12.26,
2024-04-09,"JETBLUE 2792150425102 8005382583, NY 476.03 USD @ 1.399239",666.08,
2024-04-09,PAYMENT THANK YOU/PAIEMEN T MERCI,,700
2024-04-08,"LONDON DRUGS 02 VANCOUVER, BC",4.99,
2024-04-08,"HANNAM SUPERMARKET ROB VANCOUVER, BC",19.76,
2024-04-08,"T&T SUPERMARKET #001 BURNABY, BC",21.85,
2024-04-08,"T&T SUPERMARKET #001 BURNABY, BC",4.97,
2024-04-08,"REAL CDN SUPERSTORE #1 BURNABY, BC",2.97,
2024-04-08,"REAL CDN SUPERSTORE #1 BURNABY, BC",33.95,
2024-04-03,"HM Pacific Centre Vancouver, BC",20.15,
2024-04-03,"JANGMOJIB RESTAURANT VANCOUVER, BC",41.81,
2024-04-02,"COMPASS VENDING BURNABY, BC",104.9,
2024-04-02,"COMPASS VENDING BURNABY, BC",11.25,
2024-04-02,PAYMENT THANK YOU/PAIEMEN T MERCI,,500
2024-04-02,"BCF-SWB SELF SERVE TICKET SIDNEY, BC",19.2,
2024-04-02,"SP STUSSY VANCOUVER VANCOUVER, BC",168,
2024-04-02,"AC TAXI LTD NANAIMO, BC",33.5,
2024-04-02,"CHIMAC VICTORIA, BC",30.15,
2024-04-02,PAYMENT THANK YOU/PAIEMEN T MERCI,,500
2024-04-01,"PETRO CANADA91450 NANAIMO, BC",200,
2024-04-01,"PR PUM / PR MDEP UCLUELET, BC",22,
2024-04-01,"CRYSTAL COVE BEACH RESORT TOFINO, BC",13.68,
2024-04-01,"CRYSTAL COVE BEACH RESORT TOFINO, BC",7,
2024-04-01,"TOFINO CONSUMERS CO-OP TOFINO, BC",18.63,
2024-04-01,"TACOFINO TOFINO TOFINO, BC",45.94,
2024-04-01,"DRIFTWOOD GIFTS TOFINO, BC",8.95,
2024-04-01,"REAL CANADIAN SUPERSTO NANAIMO, BC",97.42,
2024-04-01,"CRYSTAL COVE BEACH RESORT TOFINO, BC",14,
2024-04-01,"MID ISLAND LANTZVILLE LIQ LANTZVILLE, BC",60.1,
2024-04-01,"RAJ TAXI NANAIMO, BC",35,
2024-04-01,"HANNAM SUPERMARKET BUR BURNABY, BC",27.99,
2024-04-01,"KIMS MART VANCOUVER, BC",38.15,
2024-04-01,"HANNAM SUPERMARKET BUR BURNABY, BC",8.99,
2024-03-27,"HANNAM SUPERMARKET BUR BURNABY, BC",41.41,
2024-03-26,"ISLAND EXPRESS BUS BURNABY, BC",72.2,
2024-03-26,"BCF - ONLINE SALES & BOOK VICTORIA, BC",58.35,
2024-03-26,"BCF - ONLINE SALES & BOOK VICTORIA, BC",38.9,
2024-03-26,"REXALL PHARMACY #7182 VANCOUVER, BC",3.69,
2024-03-26,"BB.Q CHICKEN MAIN ST. VANCOUVER, BC",36.38,
2024-03-25,"BATH & BODY WORKS BURNABY, BC",16.09,
2024-03-25,"HANNAM SUPERMARKET YAL VANCOUVER, BC",19.99,
2024-03-25,"DAISO CANADA CO LTD VANCOUVER, BC",2.81,
2024-03-25,"SQ *ANALOG COFFEE YALETOW Vancouver, BC",4.36,
2024-03-25,"Jones BarBQue Victoria 855-999-3729, BC",34.12,
2024-03-25,"LONDON DRUGS 02 VANCOUVER, BC",13.98,
2024-03-25,"DOLLARAMA # 716 VANCOUVER, BC",11.2,
2024-03-25,"T&T SUPERMARKET #029 VANCOUVER, BC",4.99,
2024-03-25,"H-MART DOWNTOWN VANCOUVER, BC",16.25,
2024-03-22,PURCHASE INTEREST,0.04,
2024-03-22,"COMPASS VENDING BURNABY, BC",10,
2024-03-22,"CRYSTAL COVE BEACH RESORT TOFINO, BC",235.43,
2024-03-22,"BCF-SWB SELF SERVE TICKET SIDNEY, BC",19.2,
2024-03-22,"BCF-TSA SELF SERVE TICKET DELTA, BC",19.2,
2024-03-22,"SQ *RED FISH BLUE FISH Victoria, BC",16.8,
2024-03-22,"SHOPPERS DRUG MART #02 VICTORIA, BC",8.95,
2024-03-21,CASHBACK/REMISE EN ARGENT,,27.8
2024-03-21,PAYMENT THANK YOU/PAIEMEN T MERCI,,700
2024-03-19,"KIMS MART VANCOUVER, BC",20.36,
2024-03-19,PAYMENT THANK YOU/PAIEMEN T MERCI,,400
2024-03-18,"AMZN Mktp CA*RH62P7V50 WWW.AMAZON.CA, ON",72.28,
2024-03-18,"LONDON DRUGS 19 VANCOUVER, BC",14.69,
2024-03-18,"H-MART DOWNTOWN VANCOUVER, BC",4.98,
2024-03-18,"HANNAM SUPERMARKET ROB VANCOUVER, BC",100.96,
2024-03-18,"DOLLARAMA # 512 VANCOUVER, BC",3.93,
2024-03-18,"HANNAM SUPERMARKET ROB VANCOUVER, BC",,48.5
2024-03-18,"VANCOUVER PB RECREATION VANCOUVER, BC",,206
2024-03-18,"VANCOUVER PB RECREATIO VANCOUVER, BC",198.45,
2024-03-18,PAYMENT THANK YOU/PAIEMEN T MERCI,,200
2024-03-18,PAYMENT THANK YOU/PAIEMEN T MERCI,,400
2024-03-18,"VANCOUVER PB RECREATIO VANCOUVER, BC",198.45,
2024-03-15,"FIDO Mobile ******2258 888-481-3436, ON",32.48,
2024-03-15,"VANCOUVER PB RECREATIO VANCOUVER, BC",210,
2024-03-12,"BRAINSTATION TORONTO, ON",261.63,
2024-03-11,"REXALL PHARMACY #7174 VANCOUVER, BC",3.99,
2024-03-08,"COMPASS VENDING BURNABY, BC",11,
2024-03-08,"COMPASS VENDING BURNABY, BC",5,
2024-03-08,"WINNERS 358 VANCOUVER, BC",44.79,
2024-03-08,"DAISO CANADA CO LTD VANCOUVER, BC",2.81,
2024-03-08,PAYMENT THANK YOU/PAIEMEN T MERCI,,300
2024-03-05,"REAL CDN SUPERSTORE #1 BURNABY, BC",9.98,
2024-03-05,PAYMENT THANK YOU/PAIEMEN T MERCI,,100
2024-03-05,"ZHANGLIANG HOTPOT BURNABY, BC",25.4,
2024-03-04,PAYMENT THANK YOU/PAIEMEN T MERCI,,90
2024-03-04,"COMPASS WEB 604-398-2042, BC",104.9,
2024-03-04,"CHURCH'S CHICKEN VANCOUVER, BC",3.25,
2024-02-26,"TREES CHEESCAKE & ORGANI VANCOUVER, BC",4.46,
2024-02-23,PURCHASE INTEREST,19.44,
2024-02-23,"PHO MIMOSA vancouver, BC",21.09,
2024-02-23,"COMMERCIAL STREET CAFE VANCOUVER, BC",3.94,
2024-02-23,"KIMS MART VANCOUVER, BC",5.23,
2024-02-21,"BRAINSTATION TORONTO, ON",261.63,
2024-02-21,PAYMENT THANK YOU/PAIEMEN T MERCI,,300
2024-02-20,"KIMS MART BURNABY, BC",10.72,
2024-02-16,"COMPASS WEB 604-398-2042, BC",6.25,
2024-02-15,PAYMENT THANK YOU/PAIEMEN T MERCI,,70
2024-02-15,"FIDO Mobile ******2258 888-481-3436, ON",32.48,
2024-02-15,"PHO MIMOSA vancouver, BC",15.96,
2024-02-15,PAYMENT THANK YOU/PAIEMEN T MERCI,,20
2024-02-13,PAYMENT THANK YOU/PAIEMEN T MERCI,,20
2024-02-12,"VANCOUVER PB RECREATIO VANCOUVER, BC",217,
2024-02-12,"KIMS MART BURNABY, BC",14.79,
2024-02-12,"KIMS MART BURNABY, BC",2.09,
2024-02-12,PAYMENT THANK YOU/PAIEMEN T MERCI,,80
2024-02-09,PAYMENT THANK YOU/PAIEMEN T MERCI,,80
2024-02-09,"SAFEWAY #4931 VANCOUVER, BC",3.1,
2024-02-07,BLDZETY.COM 8446737863,34.95,
2024-02-06,CASHBACK/REMISE EN ARGENT,,26.9
2024-02-06,PAYMENT THANK YOU/PAIEMEN T MERCI,,150
2024-02-06,PAYMENT THANK YOU/PAIEMEN T MERCI,,50
2024-02-02,OVERLIMIT FEE,29,
2024-02-02,"COMPASS WEB 604-398-2042, BC",104.9,
2024-02-02,"HAPPY TREE HOUSE BBQ K Vancouver, BC",121.96,
2024-01-31,"BELL MOBILITY VERDUN, QC",,48.16
2024-01-30,"KIMS MART VANCOUVER, BC",15.97,
2024-01-29,"SQ *CAFE U PLACE Vancouver, BC",25.15,
2024-01-29,"BUY LOW FOODS 4531 BURNABY, BC",6.78,
2024-01-24,PURCHASE INTEREST,5.98,
2024-01-24,CASH INTEREST,0.05,
2024-01-23,"T&T SUPERMARKET #003 VANCOUVER, BC",5.59,
2024-01-23,PAYMENT THANK YOU/PAIEMEN T MERCI,,200
2024-01-22,"SEA TO SKY GONDOLA SQUAMISH, BC",5,
2024-01-22,"SEA TO SKY GONDOLA SQUAMISH, BC",77.69,
2024-01-22,PAYMENT THANK YOU/PAIEMEN T MERCI,,100
2024-01-22,PAYMENT THANK YOU/PAIEMEN T MERCI,,60
2024-01-22,"MCDONALD'S #40354 VANCOUVER, BC",1.35,
2024-01-22,"VANCOUVER PB RECREATIO VANCOUVER, BC",91.88,
2024-01-22,"SAVE ON FOODS #937 VANCOUVER, BC",38.98,
2024-01-16,"BRAINSTATION TORONTO, ON",261.63,
2024-01-15,"GOOGLE *Bell Media Inc g.co/helppay#, NS",8.96,
2024-01-15,"FIDO Mobile ******2258 888-481-3436, ON",35.63,
2024-01-15,"Deciem Distribution Inc. Toronto, ON",17.02,
2024-01-15,"FONDWAY BURNABY, BC",8.4,
2024-01-15,"REAL CDN SUPERSTORE #1 BURNABY, BC",19.36,
2024-01-15,PAYMENT THANK YOU/PAIEMEN T MERCI,,280
2024-01-15,"BATH & BODY WORKS #6019 VANCOUVER, BC",3.81,
2024-01-11,PAYMENT THANK YOU/PAIEMEN T MERCI,,150
2024-01-11,"COMPASS WEB 604-398-2042, BC",104.9,
2024-01-11,"KIMS MART VANCOUVER, BC",8.98,
2024-01-10,"T&T SUPERMARKET #003 VANCOUVER, BC",8.74,
2024-01-09,"SAVE ON FOODS #2225 BURNABY, BC",6,
2024-01-09,"REAL CDN SUPERSTORE #1 BURNABY, BC",7.43,
2024-01-09,PAYMENT THANK YOU/PAIEMEN T MERCI,,50
2024-01-08,"COMPASS VENDING BURNABY, BC",10,
2024-01-08,"T&T SUPERMARKET #001 BURNABY, BC",3.99,
2024-01-08,"COMMERCIAL STREET CAFE VANCOUVER, BC",4.73,
2024-01-04,"MCDONALD'S #11057 BURNABY, BC",3.14,
2024-01-04,"REAL CDN SUPERSTORE #1 BURNABY, BC",16.78,
2024-01-03,"FAMOUS PLAYER 1408QPS BURNABY, BC",11.03,
2024-01-02,"KIMS MART VANCOUVER, BC",6.99,
2024-01-02,"BLENZ ON ROBSON & CARDER VANCOUVER, BC",4.53,
2024-01-02,"PHO 37 RESTAURANT Vancouver, BC",19.58,
2024-01-02,"REAL CDN SUPERSTORE #1 BURNABY, BC",2.99,
2024-01-02,"COMPASS WEB 604-398-2042, BC",10,
2024-01-02,"FIDO ROBSON VANCOUVER, BC",11.2,
2024-01-02,"HANNAM SUPERMARKET ROB VANCOUVER, BC",6.05,
2024-01-02,"REXALL PHARMACY #7149 VANCOUVER, BC",4,
2024-01-02,"COMPASS WEB 604-398-2042, BC",5.2,
2024-01-02,PAYMENT THANK YOU/PAIEMEN T MERCI,,30
2024-01-02,PAYMENT THANK YOU/PAIEMEN T MERCI,,100
2023-12-29,"BELL MOBILITY VERDUN, QC",108.64,
2023-12-28,"SAVE ON FOODS #2225 BURNABY, BC",3.99,
2023-12-28,"REAL CDN SUPERSTORE #1 BURNABY, BC",9.78,
2023-12-28,PAYMENT THANK YOU/PAIEMEN T MERCI,,80
2023-12-28,INTEREST REVERSAL,,0.1
2023-12-28,PAYMENT THANK YOU/PAIEMEN T MERCI,,100
2023-12-28,INTEREST REVERSAL,,0.12
2023-12-28,PAYMENT THANK YOU/PAIEMEN T MERCI,,50
2023-12-28,INTEREST REVERSAL,,0.06
2023-12-27,"HM Metropolis at Metrotow Burnaby, BC",95.73,
2023-12-27,"COMMERCIAL STREET CAFE VANCOUVER, BC",4.73,
2023-12-27,"T&T SUPERMARKET #001 BURNABY, BC",2.88,
2023-12-27,"TCKTWEB*CHRISTOPHER 800-965-4827, QC",34.05,
2023-12-27,BLDZETY.COM 8446737863,2.95,
2023-12-27,"Microsoft*Microsoft 365 P Mississauga, ON",8.96,
2023-12-27,"TIX* CHRISTOPHER SEATED.COM, NY",68.29,
2023-12-27,CASHBACK/REMISE EN ARGENT,,70.18
2023-12-27,"COMPASS WEB 604-398-2042, BC",11.4,
2023-12-27,"SAFEWAY #4966 VANCOUVER, BC",6.59,
2023-12-22,CASH INTEREST,0.33,
2023-12-22,"SQ *LEE'S DONUTS GRANVILL Vancouver, BC",15,
2023-12-22,"Amazon.ca*X43RW52U3 AMAZON.CA, ON",37.46,
2023-12-20,"CHURCH'S CHICKEN VANCOUVER, BC",11.5,
2023-12-19,"REAL CDN SUPERSTORE #1 BURNABY, BC",10.49,
2023-12-19,"REAL CDN SUPERSTORE #1 BURNABY, BC",22.8,
2023-12-18,"WINNERS 358 VANCOUVER, BC",67.19,
2023-12-18,"COMPASS WEB 604-398-2042, BC",10.45,
2023-12-18,"COMPASS WEB 604-398-2042, BC",11.25,
2023-12-18,"COMPASS WEB 604-398-2042, BC",11.25,
2023-12-18,"HONEY DOUGHNUTS AND GO NORTH VANCOUV, BC",12.6,
2023-12-18,"POKE FRESH VICTORIA, BC",37.7,
2023-12-18,"MURCHIE'S VICTORIA VICTORIA, BC",8.3,
2023-12-18,"MURCHIE'S VICTORIA VICTORIA, BC",8.95,
2023-12-18,"BLUE FOX CAFE LTD VICTORIA, BC",50.72,
2023-12-18,"JONES BAR-B-QUE VICTORIA, BC",57.5,
2023-12-18,"JONES BAR-B-QUE VICTORIA, BC",4.46,
2023-12-18,"BARD & BANKER PUB VICTORIA, BC",19.16,
2023-12-15,"BRAINSTATION TORONTO, ON",261.63,
2023-12-15,"H-MART DOWNTOWN VANCOUVER, BC",21.63,
2023-12-14,"Five Guys 1594 Vancouver, BC",33.04,
2023-12-14,"TMCANADA *RESALE 855-985-4357, ON",113.74,
2023-12-14,"HANNAM SUPERMARKET ROB VANCOUVER, BC",12.04,
2023-12-14,PAYMENT THANK YOU/PAIEMEN T MERCI,,500
2023-12-14,"VICTORIA'S SECRET STORE # VANCOUVER, BC",50.4,
2023-12-14,"SUPER GREAT PIZZA VANCOUVER, BC",11,
2023-12-14,"SAFEWAY #4931 VANCOUVER, BC",33.05,
2023-12-13,"CASHSTAR STARBUCKS GFT 877-850-1977, ON",25,
2023-12-13,CASH ADV/BT/CONV CHQ FEE,5,
2023-12-13,"COMPASS WEB 604-398-2042, BC",11.25,
2023-12-13,"COMPASS WEB 604-398-2042, BC",11.25,
2023-12-13,"49TH PARALLEL ROASTERS VANCOUVER, BC",8.93,
2023-12-13,"49TH PARALLEL ROASTERS VANCOUVER, BC",4.73,
2023-12-13,"DISTRICT FACTORY OUTLET VANCOUVER, BC",11.45,
2023-12-13,"GO FISH VANCOUVER, BC",17.51,
2023-12-13,"SQ *LEE'S DONUTS GRANVILL Vancouver, BC",2.75,
2023-12-13,"SQ *A LA MODE RESTAURANT Vancouver, BC",16.59,
2023-12-13,PAYMENT THANK YOU/PAIEMEN T MERCI,,500
2023-12-12,"COMPASS WEB 604-398-2042, BC",10,
2023-12-11,"SAFEWAY #4931 VANCOUVER, BC",9.5,
2023-12-08,"VANCOUVER PB RECREATIO VANCOUVER, BC",214.73,
2023-12-07,"LONDON DRUGS POSTAL OUTLE VANCOUVER, BC",2.85,
2023-12-07,PAYMENT THANK YOU/PAIEMEN T MERCI,,443.22
2023-12-07,"VANCOUVER PB RECREATIO VANCOUVER, BC",108.5,
2023-12-04,"REAL CDN SUPERSTORE #1 BURNABY, BC",26.65,
2023-12-04,"SAVE ON FOODS #2225 BURNABY, BC",5.24,
2023-12-04,"PRICESMART FOODS #2281 BURNABY, BC",5.99,
2023-12-04,"T&T SUPERMARKET #001 BURNABY, BC",5.99,
2023-12-04,"BCF - ONLINE SALES & BOOK VICTORIA, BC",76.8,
2023-12-01,"REXALL PHARMACY #7174 VANCOUVER, BC",3.99,
2023-12-01,"H-MART DOWNTOWN VANCOUVER, BC",2.48,
2023-12-01,"REAL CDN SUPERSTORE #1 BURNABY, BC",14.79,
2023-11-30,"Amazon.ca*3889N4IE3 AMAZON.CA, ON",13.07,
2023-11-30,"AMZN Mktp CA*649HK4WY3 WWW.AMAZON.CA, ON",24.06,
2023-11-30,AIRBNB * HMR3FRAQCK AIRBNB.COM,148.41,
2023-11-30,"HANNAM SUPERMARKET ROB VANCOUVER, BC",5.99,
2023-11-29,"URBAN FARE #7614 VANCOUVER, BC",5.76,
2023-11-28,"KIMS MART VANCOUVER, BC",31.82,
2023-11-27,CASH ADV/BT/CONV CHQ FEE,5,
2023-11-27,"COMPASS WEB 604-398-2042, BC",21.6,
2023-11-27,"BUY LOW FOODS 4513 VANCOUVER, BC",7.49,
2023-11-27,"CASHSTAR STARBUCKS GFT 877-850-1977, ON",25,
2023-11-27,"BELL MOBILITY VERDUN, QC",92.12,
2023-11-27,"LAILALAILA VICTORIA, BC",15.74,
2023-11-24,"MICROSOFT*STORE MSBILL.INFO, ON",8.96,
2023-11-24,"SQ *HODUYA BAKERY VANCOUVER, BC",47.25,
2023-11-24,"REXALL PHARMACY #7174 VANCOUVER, BC",3.99,
2023-11-22,"DOLLARAMA # 716 VANCOUVER, BC",3.64,
2023-11-22,AIRBNB * HMR3FRAQCK AIRBNB.COM,70,
2023-11-22,"T&T SUPERMARKET #029 VANCOUVER, BC",6.72,
2023-11-22,"BUTCHART GARDENS E-TIC BRENTWOOD BAY, BC",70,
2023-11-20,"DOLLARAMA # 716 VANCOUVER, BC",1.69,
2023-11-20,"COMMERCIAL STREET CAFE VANCOUVER, BC",10.51,
2023-11-20,"NGON BANH MI & TEA VANCOUVER, BC",8.15,
2023-11-20,"SAVE ON FOODS #940 VANCOUVER, BC",4.29,
2023-11-17,"REXALL PHARMACY #7174 VANCOUVER, BC",12.98,
2023-11-16,"KIMS MART VANCOUVER, BC",9.27,
2023-11-15,PAYMENT THANK YOU/PAIEMEN T MERCI,,919.83
2023-11-14,"COMPASS WEB 604-398-2042, BC",23.95,
2023-11-14,"BCF - ONLINE SALES & BOOK VICTORIA, BC",19.2,
2023-11-14,"BCF - ONLINE SALES & BOOK VICTORIA, BC",19.2,
2023-11-14,AIRBNB * HMRQM4YDB5 AIRBNB.COM,285.51,
2023-11-14,"BRAINSTATION TORONTO, ON",261.63,
2023-11-14,"TT* ROAMTRANSI NOV11 BANFF, AB",2,
2023-11-14,"MS* SAMESUNBANFF VANCOUVER, BC",70.68,
2023-11-14,"PHO HOAI VIETNAMESE BEEF CALGARY, AB",12.59,
2023-11-14,"FAIRMONT CHATEAU LAKE LOU LAKE LOUISE, AB",5.51,
2023-11-14,"CALGARY TRANSIT CALGARY, AB",3.6,
2023-11-14,"GONG CHA CALGARY, AB",5.03,
2023-11-14,"SQ *EVELYNS COFFEE BAR Banff, AB",3.1,
2023-11-14,"BANFF AVE BREWING CO BANFF, AB",38.7,
2023-11-14,"BANFF HOT SP/S THERMALES BANFF, AB",16.5,
2023-11-14,"TT* ROAMTRANSI NOV11 BANFF, AB",2,
2023-11-14,VIATORTRIPADVISOR UK LONDON,337.42,
2023-11-14,PAYMENT THANK YOU/PAIEMEN T MERCI,,930
2023-11-10,"REXALL PHARMACY #7174 VANCOUVER, BC",3.99,
2023-11-09,"KIMS MART VANCOUVER, BC",15.09,
2023-11-09,PAYMENT THANK YOU/PAIEMEN T MERCI,,80
2023-11-09,"AIR CAN* 0142183545572 AIRCANADA.COM, MB",303.3,
2023-11-09,"SAFEWAY #4966 VANCOUVER, BC",7.28,
2023-11-09,"AIR CAN* 0142183545512 AIRCANADA.COM, MB",277.66,
2023-11-08,"T&T SUPERMARKET #029 VANCOUVER, BC",15.55,
2023-11-08,PAYMENT THANK YOU/PAIEMEN T MERCI,,500
2023-11-07,"SQ *ANALOG COFFEE YALETOW Vancouver, BC",4.2,
2023-11-07,"KIMS MART VANCOUVER, BC",14.11,
2023-11-07,PAYMENT THANK YOU/PAIEMEN T MERCI,,100
2023-11-06,"HANNAM SUPERMARKET ROB VANCOUVER, BC",18.82,
2023-11-06,"SQ *ANALOG COFFEE YALETOW Vancouver, BC",4.36,
2023-11-06,"COMPASS WEB 604-398-2042, BC",20,
2023-11-03,PAYMENT THANK YOU/PAIEMEN T MERCI,,70
2023-11-02,"VIVO GREEN CORPORATION CALGARY, AB",129.8,
2023-10-31,"NOFRILLS JOTI'S #3403 VANCOUVER, BC",8.97,
2023-10-31,PAYMENT THANK YOU/PAIEMEN T MERCI,,100
2023-10-30,"KIMS MART VANCOUVER, BC",21.69,
2023-10-30,"AMZN Mktp CA*O88WT9703 WWW.AMAZON.CA, ON",54.69,
2023-10-30,"COMPASS VENDING BURNABY, BC",10,
2023-10-30,"GIOVANE CAFFE VANCOUVER, BC",4.15,
2023-10-27,"BELL MOBILITY VERDUN, QC",75.5,
2023-10-27,PAYMENT THANK YOU/PAIEMEN T MERCI,,150
2023-10-26,"COMPASS WEB 604-398-2042, BC",10,
2023-10-26,"HANNAM SUPERMARKET ROB VANCOUVER, BC",9.99,
2023-10-24,PURCHASE INTEREST,0.09,
2023-10-24,"BUY LOW FOODS 4513 VANCOUVER, BC",12,
2023-10-23,"AMZN Mktp CA*WL3879UZ3 WWW.AMAZON.CA, ON",52.63,
2023-10-23,"KIMS MART VANCOUVER, BC",11.17,
2023-10-23,"STARBUCKS 800-782-7282 800-782-7282, ON",10,
2023-10-23,"REAL CDN SUPERSTORE #1 BURNABY, BC",28.91,
2023-10-23,PAYMENT THANK YOU/PAIEMEN T MERCI,,44.58
2023-10-23,"WAL-MART SUPERCENTER#1213 BURNABY, BC",3.77,
2023-10-20,CASHBACK/REMISE EN ARGENT,,40.65
2023-10-20,"TREES ORGANIC COFFEE VANCOUVER, BC",4.46,
2023-10-19,"VANCOUVER PB RECREATIO VANCOUVER, BC",73.5,
2023-10-19,"VANCOUVER PB RECREATIO VANCOUVER, BC",73.5,
2023-10-19,"DISTRICT FACTORY OUTLET VANCOUVER, BC",4.45,
2023-10-19,"COMPASS VENDING BURNABY, BC",10,
2023-10-19,PAYMENT THANK YOU/PAIEMEN T MERCI,,200
2023-10-18,"AMZN Mktp CA*TP5118292 WWW.AMAZON.CA, ON",27.99,
2023-10-18,"AMZN Mktp CA*TP9NU2P61 WWW.AMAZON.CA, ON",35.45,
2023-10-17,"AMZN Mktp CA*TP6AJ5602 WWW.AMAZON.CA, ON",29.1,
2023-10-16,"REAL CDN SUPERSTORE #1 BURNABY, BC",1.31,
2023-10-16,"T&T SUPERMARKET #001 BURNABY, BC",11.57,
2023-10-16,"PRICESMART FOODS #2281 BURNABY, BC",5.79,
2023-10-13,"BRAINSTATION TORONTO, ON",261.63,
2023-10-13,PAYMENT THANK YOU/PAIEMEN T MERCI,,400
2023-10-12,"NGON BANH MI & TEA VANCOUVER, BC",5.5,
2023-10-12,PAYMENT THANK YOU/PAIEMEN T MERCI,,50
2023-10-11,"T&T SUPERMARKET #029 VANCOUVER, BC",9.88,
2023-10-11,PAYMENT THANK YOU/PAIEMEN T MERCI,,100
2023-10-10,"DAISO METROTOWN BURNABY, BC",2.81,
2023-10-10,"PRICESMART FOODS #2281 BURNABY, BC",8.9,
2023-10-10,"T&T SUPERMARKET #001 BURNABY, BC",5.99,
2023-10-10,"COMPASS VENDING BURNABY, BC",10,
2023-10-10,"BIG WAY HOT POT BURNABY, BC",27.73,
2023-10-10,"HANNAM SUPERMARKET BUR BURNABY, BC",27.96,
2023-10-10,"STARBUCKS 800-782-7282 800-782-7282, ON",10,
2023-10-10,"H-MART COQUITLAM, BC",91.67,
2023-10-10,"HANNAM SUPERMARKET BUR BURNABY, BC",28.49,
2023-10-10,"WAL-MART SUPERCENTER#1213 BURNABY, BC",4.7,
2023-10-10,"T&T SUPERMARKET #001 BURNABY, BC",13.61,
2023-10-10,"PRICESMART FOODS #2281 BURNABY, BC",24.88,
2023-10-10,"WAL-MART SUPERCENTER#1213 BURNABY, BC",18.75,
2023-10-06,PAYMENT THANK YOU/PAIEMEN T MERCI,,100
2023-10-06,"BELL MOBILITY VERDUN, QC",72.8,
2023-10-06,PAYMENT THANK YOU/PAIEMEN T MERCI,,50
2023-10-06,PAYMENT THANK YOU/PAIEMEN T MERCI,,100
2023-10-06,"TREES ORGANIC COFFEE VANCOUVER, BC",4.46,
2023-10-05,"AMZN Mktp CA*TE5DZ7Z32 WWW.AMAZON.CA, ON",12.3,
2023-10-05,"SAVE ON FOODS #2225 BURNABY, BC",6.99,
2023-10-05,"REAL CDN SUPERSTORE #1 BURNABY, BC",33,
2023-10-04,PAYMENT THANK YOU/PAIEMEN T MERCI,,50
2023-10-04,"AMZN Mktp CA*T919Q1FJ1 WWW.AMAZON.CA, ON",11.19,
2023-10-04,"AMZN Mktp CA*T98CA8Y12 WWW.AMAZON.CA, ON",21.16,
2023-10-04,"AMZN Mktp CA*T93DX4OP1 WWW.AMAZON.CA, ON",6.69,
2023-10-04,PAYMENT THANK YOU/PAIEMEN T MERCI,,30
2023-10-04,PAYMENT THANK YOU/PAIEMEN T MERCI,,30
2023-10-04,PAYMENT THANK YOU/PAIEMEN T MERCI,,20
2023-10-04,PAYMENT THANK YOU/PAIEMEN T MERCI,,50
2023-10-04,PAYMENT THANK YOU/PAIEMEN T MERCI,,100
2023-10-04,PAYMENT THANK YOU/PAIEMEN T MERCI,,10
2023-10-03,"SAVE ON FOODS #940 VANCOUVER, BC",15.99,
2023-10-03,"NGON BANH MI & TEA VANCOUVER, BC",5,
2023-10-03,"T&T SUPERMARKET #029 VANCOUVER, BC",5.32,
2023-10-03,"CHICKO CHICKEN VANCOUVER VANCOUVER, BC",17.26,
2023-10-03,"H-MART COQUITLAM, BC",12.3,
2023-10-03,"HANNAM SUPERMARKET BUR BURNABY, BC",128.25,
2023-10-03,"SAVE ON FOODS #940 VANCOUVER, BC",48.92,
2023-10-03,PAYMENT THANK YOU/PAIEMEN T MERCI,,50
2023-09-29,PAYMENT THANK YOU/PAIEMEN T MERCI,,160
2023-09-28,"BRAINSTATION TORONTO, ON",157.5,
2023-09-28,"NOFRILLS JOTI'S #3403 VANCOUVER, BC",19.51,
2023-09-28,PAYMENT THANK YOU/PAIEMEN T MERCI,,20
2023-09-28,"TREES ORGANIC COFFEE VANCOUVER, BC",9.55,
2023-09-26,PAYMENT THANK YOU/PAIEMEN T MERCI,,10
2023-09-25,"IKEA RICHMOND RICHMOND, BC",2.22,
2023-09-25,"T&T SUPERMARKET #025 VANCOUVER, BC",5.88,
2023-09-25,"TORIMARU VANCOUVER, BC",13.44,
2023-09-25,PAYMENT THANK YOU/PAIEMEN T MERCI,,20
2023-09-25,INTEREST REVERSAL,,0.03
2023-09-25,PAYMENT THANK YOU/PAIEMEN T MERCI,,30
2023-09-25,INTEREST REVERSAL,,0.05
2023-09-25,"OJAS BLEND VANCOUVER, BC",12.85,
2023-09-25,"STARBUCKS 800-782-7282 800-782-7282, ON",10,
2023-09-22,PURCHASE INTEREST,7.03,
2023-09-22,"BUY LOW FOODS 4513 VANCOUVER, BC",16.99,
2023-09-22,"SHOPPERS DRUG MART #22 VANCOUVER, BC",4.49,
2023-09-22,PAYMENT THANK YOU/PAIEMEN T MERCI,,50
2023-09-21,"VICTORIA'S SECRET STORE # VANCOUVER, BC",44.69,
2023-09-21,"MCDONALD'S #40298 VANCOUVER, BC",2.93,
2023-09-21,"PHO 37 RESTAURANT Vancouver, BC",19.58,
2023-09-20,"SING SING BEER BAR VANCOUVER, BC",26.67,
2023-09-20,PAYMENT THANK YOU/PAIEMEN T MERCI,,30
2023-09-20,"WAL-MART SUPERCENTER#1213 BURNABY, BC",3.97,
2023-09-19,"THE MIGHTY OAK VANCOUVER, BC",3.94,
2023-09-19,"REAL CDN SUPERSTORE #1 BURNABY, BC",21.62,
2023-09-19,PAYMENT THANK YOU/PAIEMEN T MERCI,,40
2023-09-18,"T&T SUPERMARKET #001 BURNABY, BC",13.31,
2023-09-18,"SHOPPERS DRUG MART 227 VANCOUVER, BC",3.99,
2023-09-15,"WHOLE FOODS MARKET VANCOUVER, BC",4.99,
2023-09-15,"SAFEWAY #4941 VANCOUVER, BC",22.37,
2023-09-13,"NOFRILLS JOTI'S #3403 VANCOUVER, BC",4.18,
2023-09-11,BLDZETY.COMRESUME 8446737863,4,
2023-09-11,"BCF-SWB SELF SERVE TICKET SIDNEY, BC",19.2,
2023-09-11,"SAVE ON FOODS #921 VICTORIA, BC",2.61,
2023-09-11,PAYMENT THANK YOU/PAIEMEN T MERCI,,80
2023-09-11,"BISTRO CHI-Q VICTORIA, BC",30.45,
2023-09-11,"WAL-MART SUPERCENTER#1214 VICTORIA, BC",3.07,
2023-09-11,"VICTORIA POCHA VICTORIA, BC",21.95,
2023-09-08,"GREEN LEAF VIETNAMESE BIS VICTORIA, BC",69.3,
2023-09-08,"RAMEN ARASHI VICTORIA, BC",25.3,
2023-09-07,"POPEYES #13590 RICHMOND, BC",12.26,
2023-09-07,"BCF-TSA SELF SERVE TICKET DELTA, BC",19.2,
2023-09-07,"COMPASS VENDING BURNABY, BC",10,
2023-09-07,PAYMENT THANK YOU/PAIEMEN T MERCI,,200
2023-09-06,"SQ *HODUYA BAKERY VANCOUVER, BC",24.15,
2023-09-06,PAYMENT THANK YOU/PAIEMEN T MERCI,,80
2023-09-05,"WINNERSHOMESENSE 40207 VANCOUVER, BC",23.5,
2023-09-05,"WHOLE FOODS MARKET VANCOUVER, BC",6.56,
2023-09-05,"SAVE ON FOODS #937 VANCOUVER, BC",15.89,
2023-09-05,"SHOPPERS DRUG MART #22 VANCOUVER, BC",11.89,
2023-09-05,"KIN'S FARM CSQ VANCOUVER, BC",2.28,
2023-09-05,"HELLCRUST PIZZA VANCOUVER, BC",8.39,
2023-09-05,"COMPASS VENDING BURNABY, BC",10,
2023-09-05,"SAVE ON FOODS #937 VANCOUVER, BC",9.35,
2023-09-05,"OO LALA BURNABY, BC",24.15,
2023-09-01,"MCDONALD'S #1449 COQUITLAM, BC",3.45,
2023-09-01,"OO LALA BURNABY, BC",16.63,
2023-08-31,"COMPASS VENDING BURNABY, BC",10,
2023-08-31,CASHBACK/REMISE EN ARGENT,,26.91
2023-08-30,"SOL LEE'S COQUITLAM, BC",26.03,
2023-08-30,PAYMENT THANK YOU/PAIEMEN T MERCI,,80
2023-08-29,PAYMENT THANK YOU/PAIEMEN T MERCI,,20
2023-08-29,"WAL-MART SUPERCENTER#3008 BURNABY, BC",12.79,
2023-08-28,"COMPASS VENDING BURNABY, BC",10,
2023-08-28,"HANNAM SUPERMARKET BUR BURNABY, BC",31.45,
2023-08-28,"HANNAM SUPERMARKET BUR BURNABY, BC",34.6,
2023-08-28,"BELL MOBILITY VERDUN, QC",74.15,
2023-08-28,"HANNAM SUPERMARKET BUR BURNABY, BC",17.11,
2023-08-28,PAYMENT THANK YOU/PAIEMEN T MERCI,,100
2023-08-28,"HANNAM SUPERMARKET BUR BURNABY, BC",8.9,
2023-08-28,"DAE BAK BON GA RESTAURANT VANCOUVER, BC",25.4,
2023-08-25,PAYMENT THANK YOU/PAIEMEN T MERCI,,100
2023-08-25,"AT* VANCOUVER AQUARIUM VANCOUVER, BC",42.7,
2023-08-25,PAYMENT THANK YOU/PAIEMEN T MERCI,,60
2023-08-25,"ANGUS T VANCOUVER, BC",4.99,
2023-08-25,PAYMENT THANK YOU/PAIEMEN T MERCI,,4
2023-08-25,"H-MART COQUITLAM, BC",6.29,
2023-08-24,"STARBUCKS 800-782-7282 800-782-7282, ON",10,
2023-08-24,"HANNAM SUPERMARKET BUR BURNABY, BC",17.43,
2023-08-24,"COMPASS VENDING BURNABY, BC",10,
2023-08-24,PAYMENT THANK YOU/PAIEMEN T MERCI,,20
2023-08-21,ATP MEDIA ESHER,2,
2023-08-18,"WATER STREET CAFE VANCOUVER, BC",26.14,
2023-08-17,"GROUNDS FOR COFFEE INC VANCOUVER, BC",4.73,
2023-08-17,PAYMENT THANK YOU/PAIEMEN T MERCI,,20
2023-08-17,"REXALL PHARMACY #7174 VANCOUVER, BC",10.07,
2023-08-17,"H-MART DOWNTOWN VANCOUVER, BC",8.98,
2023-08-17,PAYMENT THANK YOU/PAIEMEN T MERCI,,30
2023-08-16,"SAVE ON FOODS #993 VANCOUVER, BC",5.99,
2023-08-15,PAYMENT THANK YOU/PAIEMEN T MERCI,,10
2023-08-14,"T&T SUPERMARKET #025 VANCOUVER, BC",9.94,
2023-08-14,"SAFEWAY #4979 VANCOUVER, BC",10.6,
2023-08-11,BLDZETY.COMRESUME 8446737863,9.7,
2023-08-09,"BCF - NEWWESTMSTER, QUEEN VICTORIA, BC",6.38,
2023-08-09,"T&T SUPERMARKET #025 VANCOUVER, BC",9.7,
2023-08-09,"COMPASS VENDING BURNABY, BC",8.85,
2023-08-09,PAYMENT THANK YOU/PAIEMEN T MERCI,,50
2023-08-09,"THRIFTY FOODS #9451 VICTORIA, BC",19.4,
2023-08-09,PAYMENT THANK YOU/PAIEMEN T MERCI,,100
2023-08-08,"STARBUCKS 800-782-7282 800-782-7282, ON",10,
2023-08-08,"BLUE FOX CAFE LTD VICTORIA, BC",48.1,
2023-08-08,"LAILALAILA VICTORIA, BC",34.63,
2023-08-08,"SQ *RED FISH BLUE FISH VICTORIA, BC",23.1,
2023-08-08,"SP TASTE OF CALGARY CALGARY, AB",6,
2023-08-08,"SIDNEY BAKERY SIDNEY, BC",6.93,
2023-08-08,"THE SURLY MERMAID SIDNEY, BC",47.05,
2023-08-08,"SAVE ON FOODS #922 SIDNEY, BC",22,
2023-08-08,"BCF - VANIS, SPIRIT OF VICTORIA, BC",9.01,
2023-08-08,"COMPASS VENDING BURNABY, BC",20,
2023-08-08,"CINEPLEX 3134 QPS CALGARY, AB",29.38,
2023-08-08,"THE PLATE CALGARY, AB",59.42,
2023-08-08,"CALGARY TRANSIT CALGARY, AB",3.6,
2023-08-08,PAYMENT THANK YOU/PAIEMEN T MERCI,,80
2023-08-08,"IGA# 5273 BANFF, AB",26.11,
2023-08-04,"WICKED HOSTELS CALGARY, AB",67.12,
2023-08-04,"SHOKU IZAKAYA BANFF, AB",40.43,
2023-08-04,PAYMENT THANK YOU/PAIEMEN T MERCI,,100
2023-08-04,"BANFF HOT SPRINGS POOL BANFF, AB",33,
2023-08-03,PAYMENT THANK YOU/PAIEMEN T MERCI,,40
2023-08-03,"HI-BANFF BANFF, AB",97.84,
2023-08-03,"FOOD & BEVERAGE, BANFF GO BANFF, AB",11.87,
2023-08-03,"CALGARY TRANSIT CALGARY, AB",3.6,
2023-08-03,"CALGARY TRANSIT CALGARY, AB",7.2,
2023-08-03,"COMPASS ACCOUNT BURNABY, BC",8.15,
2023-08-03,TRIP.COM London,,196.8
2023-08-02,BLDZETY.COMRESUME 8446737863,,17.48
2023-08-02,"SQ *UMI JAPANESE EATERY & Richmond, BC",18.9,
2023-08-02,PAYMENT THANK YOU/PAIEMEN T MERCI,,300
2023-08-02,PAYMENT THANK YOU/PAIEMEN T MERCI,,500
2023-08-02,TRIP.COM London,341,
2023-08-02,AIRBNB * HM455EMKHJ AIRBNB.COM,57.77,
2023-08-02,CASHBACK/REMISE EN ARGENT,,39.21
2023-08-02,"BCF - COASTAL CELEBRATION VICTORIA, BC",7.54,
2023-08-02,"BCF-TSA SELF SERVE TICKET DELTA, BC",38.4,
2023-08-02,VIATORTRIPADVISOR UK LONDON,310,
2023-08-02,"SUSHI MURA VANCOUVER, BC",22,
2023-08-01,"TIM HORTONS #2807 VANCOUVER, BC",8.38,
2023-08-01,"FIVE GUYS BURGERS & FR 604-685-1585, BC",30.42,
2023-08-01,"LYNN CANYON CAFE NORTH VANCOUV, BC",10.23,
2023-07-31,"COMPASS VENDING BURNABY, BC",20,
2023-07-31,"DAISO CANADA CO LTD VANCOUVER, BC",2.81,
2023-07-31,"ARCTERYX Equipment RIchmond, BC",50.4,
2023-07-31,"D'ORO GELATO E CAFFE VANCOUVER, BC",14.28,
2023-07-31,"PIZZA PZAZZ VANCOUVER, BC",6.5,
2023-07-31,PAYMENT THANK YOU/PAIEMEN T MERCI,,250
2023-07-31,"SP STUSSY VANCOUVER VANCOUVER, BC",56,
2023-07-31,"STUART'S VANCOUVER, BC",8.92,
2023-07-31,"HANNAM SUPERMARKET ROB VANCOUVER, BC",12.36,
2023-07-31,"BELL MOBILITY VERDUN, QC",87.36,
2023-07-31,"H-MART DOWNTOWN VANCOUVER, BC",10.97,
2023-07-28,"COMPASS VENDING BURNABY, BC",20,
2023-07-28,"SP STUSSY VANCOUVER VANCOUVER, BC",56,
2023-07-28,"TACOFINO GASTOWN VANCOUVER, BC",30.03,
2023-07-28,"DAISO CANADA CO LTD VANCOUVER, BC",2.81,
2023-07-28,PAYMENT THANK YOU/PAIEMEN T MERCI,,200
2023-07-27,"STARBUCKS 800-782-7282 800-782-7282, ON",25,
2023-07-27,"SORRY COFFEE CO. NORTH VANCOUV, BC",4.99,
2023-07-27,"HONEY DOUGHNUTS AND GO NORTH VANCOUV, BC",3.7,
2023-07-27,"STARBUCKS COFFEE #2237 VANCOUVER, BC",20,
2023-07-26,"WINNERS 452 VANCOUVER, BC",5.59,
2023-07-26,"CINEPLEX #1145 VANCOUVER, BC",18.88,
2023-07-26,"Five Guys 1594 Vancouver, BC",32.31,
2023-07-25,"STARBUCKS 04771 VANCOUVER, BC",4.57,
2023-07-25,"LA VIE EN ROSE # 139 VANCOUVER, BC",27.99,
2023-07-25,"LA VIE EN ROSE # 139 VANCOUVER, BC",31.35,
2023-07-25,"H-MART DOWNTOWN VANCOUVER, BC",35.59,
2023-07-25,"OEB YALETOWN VANCOUVER, BC",42.85,
2023-07-25,PAYMENT THANK YOU/PAIEMEN T MERCI,,200
2023-07-24,"STUART'S VANCOUVER, BC",6.88,
2023-07-24,BLDZETY.COMRESUME 8446737863,34.95,
2023-07-24,"STARBUCKS COFFEE #2237 VANCOUVER, BC",20,
2023-07-24,"HUDSON HOUSE TR VANCOUVER, BC",8.95,
2023-07-24,"WINNERS 358 VANCOUVER, BC",22.39,
2023-07-24,"PIZZA PZAZZ VANCOUVER, BC",6.5,
2023-07-24,"COMPASS VENDING BURNABY, BC",20,
2023-07-24,PAYMENT THANK YOU/PAIEMEN T MERCI,,200
2023-07-21,"49TH PARALLEL ROASTERS VANCOUVER, BC",9.45,
2023-07-21,"SQ *LOCAL KITSILANO Vancouver, BC",54.52,
2023-07-21,"STARBUCKS 04574 VANCOUVER, BC",11.13,
2023-07-21,"OLD SPAGHETTI GASTOWN VANCOUVER, BC",45.91,
2023-07-20,"SHOWPASS* POOLS-VAN-EL CALGARY, AB",16.44,
2023-07-20,"POPARIDE VANCOUVER, BC",51.98,
2023-07-20,"COMPASS VENDING BURNABY, BC",20,
2023-07-20,"COCO FRESH TEA AND JUICE VANCOUVER, BC",13.02,
2023-07-20,PAYMENT THANK YOU/PAIEMEN T MERCI,,200
2023-07-18,"CHARLIES TENNIS VANCOUVER, BC",40,
2023-07-18,"UVIC BOOKSTORE VICTORIA, BC",4.2,
2023-07-18,"BCF-SWB SELF SERVE TICKET SIDNEY, BC",19.2,
2023-07-18,"T&T SUPERMARKET #025 VANCOUVER, BC",2.8,
2023-07-18,"BISTRO CHI-Q VICTORIA, BC",8.94,
2023-07-17,"T&T SUPERMARKET #003 VANCOUVER, BC",8.96,
2023-07-17,"SQ *HODUYA BAKERY VANCOUVER, BC",24.15,
2023-07-17,VIATORTRIPADVISOR UK LONDON,138.6,
2023-07-17,"SQ *HODUYA BAKERY VANCOUVER, BC",35.7,
2023-07-14,"BCF - ONLINE SALES & BOOK VICTORIA, BC",76.8,
2023-07-14,PAYMENT THANK YOU/PAIEMEN T MERCI,,400
2023-07-13,AIRBNB * HM4S8RZXKK AIRBNB.COM,147,
2023-07-13,PAYMENT THANK YOU/PAIEMEN T MERCI,,70
2023-07-13,"STARBUCKS 04426 RICHMOND, BC",9.35,
2023-07-12,"Subway 66671 Richmond, BC",8.29,
2023-07-12,TRIP.COM London,459.6,
2023-07-12,AIRBNB * HM455EMKHJ AIRBNB.COM,75.46,
2023-07-12,"ANGUS T VANCOUVER, BC",11.13,
2023-07-12,"T&T SUPERMARKET #025 VANCOUVER, BC",5.86,
2023-07-12,PAYMENT THANK YOU/PAIEMEN T MERCI,,10
2023-07-12,PAYMENT THANK YOU/PAIEMEN T MERCI,,90
2023-07-10,BLDZETY.COMRESUME 8446737863,2.95,
2023-07-10,"BCF - ONLINE SALES & BOOK VICTORIA, BC",19.2,
2023-07-06,"BELL MOBILITY VERDUN, QC",75.13,
2023-07-05,"T&T SUPERMARKET #025 VANCOUVER, BC",11.83,
2023-07-04,"T&T SUPERMARKET ONLINE RICHMOND, BC",61.98,
2023-07-04,"T&T SUPERMARKET ONLINE RICHMOND, BC",,2.38
2023-07-04,"SAVE ON FOODS VANCOUVER, BC",79,
2023-07-04,"CACTUS CLUB ENGLISH BA VANCOUVER, BC",42.31,
2023-07-04,"D'ORO GELATO E CAFFE VANCOUVER, BC",7.09,
2023-07-04,"DAIRY QUEEN #26988 VICTORIA, BC",6.29,
2023-07-04,"STARBUCKS 04326 VICTORIA, BC",10.61,
2023-07-04,"BIN 4 BURGER LOUNGE (V) VICTORIA, BC",22.81,
2023-06-29,"UVIC BOOKSTORE VICTORIA, BC",4.46,
2023-06-29,"PHO 37 RESTAURANT Vancouver, BC",18.43,
2023-06-28,"CHARLIES TENNIS VANCOUVER, BC",40,
2023-06-28,"BCF - BC, SPIRIT OF VICTORIA, BC",5.97,
2023-06-28,"BCF - BC, SPIRIT OF VICTORIA, BC",3.45,
2023-06-28,"BEADWORKS STORE #2323 VANCOUVER, BC",27.89,
2023-06-28,"AQUABUS FERRY VANCOUVER, BC",4.5,
2023-06-23,ANNUAL FEE,99,
2023-06-23,ANNUAL FEE REBATE,,99
